feature	metadata	value	coef	stderr	N	N.not.0	pval	qval
EC.1.3.1.31	Total_Number_of_Months_Followed_or_to_Progression	Total_Number_of_Months_Followed_or_to_Progression	3.09697937454528e-05	6.91149646308725e-06	30	12	0.000114452538988075	0.0895791164652413
EC.2.7.13.1	Total_Number_of_Months_Followed_or_to_Progression	Total_Number_of_Months_Followed_or_to_Progression	3.0302416846192e-05	7.13327622257091e-06	30	5	0.000215379100623283	0.0895791164652413
EC.2.7.7.83	Total_Number_of_Months_Followed_or_to_Progression	Total_Number_of_Months_Followed_or_to_Progression	3.19385651015371e-05	7.01089805955904e-06	30	13	9.33917413106613e-05	0.0895791164652413
EC.4.2.1.22	Total_Number_of_Months_Followed_or_to_Progression	Total_Number_of_Months_Followed_or_to_Progression	0.000115042834517305	2.70865961103124e-05	30	29	0.000215853292687329	0.0895791164652413
EC.1.12.1.2	Total_Number_of_Months_Followed_or_to_Progression	Total_Number_of_Months_Followed_or_to_Progression	4.74428135322048e-05	1.37540094308398e-05	30	5	0.00179779442312578	0.157770053700835
EC.1.14.13.59	Total_Number_of_Months_Followed_or_to_Progression	Total_Number_of_Months_Followed_or_to_Progression	2.68881751593649e-05	8.05801847805011e-06	30	7	0.00240289982614042	0.157770053700835
EC.1.5.1.3	Total_Number_of_Months_Followed_or_to_Progression	Total_Number_of_Months_Followed_or_to_Progression	-2.71397707956389e-05	7.66633156954266e-06	30	30	0.00142003342957598	0.157770053700835
EC.2.1.1.152	Total_Number_of_Months_Followed_or_to_Progression	Total_Number_of_Months_Followed_or_to_Progression	5.92267405084952e-05	1.62244975891335e-05	30	21	0.00106366346975892	0.157770053700835
EC.2.1.1.34	Total_Number_of_Months_Followed_or_to_Progression	Total_Number_of_Months_Followed_or_to_Progression	8.55098829817162e-05	2.37235406014333e-05	30	29	0.0012002479123962	0.157770053700835
EC.2.1.1.45	Total_Number_of_Months_Followed_or_to_Progression	Total_Number_of_Months_Followed_or_to_Progression	-2.61740739550062e-05	7.91856929300088e-06	30	30	0.00260422024508367	0.157770053700835
EC.2.3.1.28	Total_Number_of_Months_Followed_or_to_Progression	Total_Number_of_Months_Followed_or_to_Progression	3.75211418767624e-05	1.07811295332187e-05	30	14	0.00165944306720681	0.157770053700835
EC.2.4.2.8	Total_Number_of_Months_Followed_or_to_Progression	Total_Number_of_Months_Followed_or_to_Progression	-3.84416208252361e-05	1.17949884861815e-05	30	30	0.00293043949525757	0.157770053700835
EC.2.5.1.10	Total_Number_of_Months_Followed_or_to_Progression	Total_Number_of_Months_Followed_or_to_Progression	-1.69839261093028e-05	4.9288661191986e-06	30	30	0.00181450398551984	0.157770053700835
EC.2.5.1.46	Total_Number_of_Months_Followed_or_to_Progression	Total_Number_of_Months_Followed_or_to_Progression	8.58818231403257e-05	2.32856454328804e-05	30	29	0.000963073381211634	0.157770053700835
EC.2.6.1.37	Total_Number_of_Months_Followed_or_to_Progression	Total_Number_of_Months_Followed_or_to_Progression	5.39904619371662e-05	1.63507029794911e-05	30	23	0.00262680550584148	0.157770053700835
EC.2.7.2.1	Total_Number_of_Months_Followed_or_to_Progression	Total_Number_of_Months_Followed_or_to_Progression	-6.62590681457314e-05	1.88896499100662e-05	30	30	0.00154524262461357	0.157770053700835
EC.2.7.7.6	Total_Number_of_Months_Followed_or_to_Progression	Total_Number_of_Months_Followed_or_to_Progression	-4.76054480749351e-05	1.4619626054854e-05	30	30	0.00295199108489501	0.157770053700835
EC.2.8.3.18	Total_Number_of_Months_Followed_or_to_Progression	Total_Number_of_Months_Followed_or_to_Progression	9.90268580919713e-05	2.9374253589494e-05	30	27	0.00219974181491898	0.157770053700835
EC.3.1.11.6	Total_Number_of_Months_Followed_or_to_Progression	Total_Number_of_Months_Followed_or_to_Progression	-6.08422808797243e-05	1.62668634911771e-05	30	30	0.000839365249992833	0.157770053700835
EC.3.2.1.123	Total_Number_of_Months_Followed_or_to_Progression	Total_Number_of_Months_Followed_or_to_Progression	4.08316206400705e-05	1.1885716186884e-05	30	10	0.00186427480393093	0.157770053700835
EC.3.2.2.27	Total_Number_of_Months_Followed_or_to_Progression	Total_Number_of_Months_Followed_or_to_Progression	-4.15745415321285e-05	1.19249610808538e-05	30	30	0.00163342302827691	0.157770053700835
EC.3.5.1.26	Total_Number_of_Months_Followed_or_to_Progression	Total_Number_of_Months_Followed_or_to_Progression	5.67871769463415e-05	1.58397372945763e-05	30	8	0.00126255610610124	0.157770053700835
EC.3.5.99.5	Total_Number_of_Months_Followed_or_to_Progression	Total_Number_of_Months_Followed_or_to_Progression	2.29330721889389e-05	7.02241163510535e-06	30	5	0.00288197411182291	0.157770053700835
EC.4.1.1.82	Total_Number_of_Months_Followed_or_to_Progression	Total_Number_of_Months_Followed_or_to_Progression	4.58758588902286e-05	1.38756440804325e-05	30	22	0.00259882954211301	0.157770053700835
EC.4.2.1.11	Total_Number_of_Months_Followed_or_to_Progression	Total_Number_of_Months_Followed_or_to_Progression	-2.22762160941219e-05	6.86574367460582e-06	30	30	0.00304135043278718	0.157770053700835
EC.5.1.3.7	Total_Number_of_Months_Followed_or_to_Progression	Total_Number_of_Months_Followed_or_to_Progression	5.8039900091567e-05	1.71468357229785e-05	30	29	0.00212372262656376	0.157770053700835
EC.5.4.2.9	Total_Number_of_Months_Followed_or_to_Progression	Total_Number_of_Months_Followed_or_to_Progression	4.57953281426279e-05	1.39883437858494e-05	30	22	0.00282292872019024	0.157770053700835
EC.6.1.1.21	Total_Number_of_Months_Followed_or_to_Progression	Total_Number_of_Months_Followed_or_to_Progression	-2.55344221757928e-05	6.82756940035117e-06	30	30	0.00084016379239503	0.157770053700835
EC.6.1.1.3	Total_Number_of_Months_Followed_or_to_Progression	Total_Number_of_Months_Followed_or_to_Progression	-2.24468779738414e-05	6.61139376289679e-06	30	30	0.00206806648454434	0.157770053700835
EC.6.3.2.31	Total_Number_of_Months_Followed_or_to_Progression	Total_Number_of_Months_Followed_or_to_Progression	4.05811266506848e-05	1.23056424746261e-05	30	11	0.0026555693118334	0.157770053700835
EC.6.3.2.34	Total_Number_of_Months_Followed_or_to_Progression	Total_Number_of_Months_Followed_or_to_Progression	4.08545037125773e-05	1.20099477840703e-05	30	11	0.00203347500243528	0.157770053700835
EC.6.5.1.3	Total_Number_of_Months_Followed_or_to_Progression	Total_Number_of_Months_Followed_or_to_Progression	9.23267515031806e-05	2.76871584852052e-05	30	27	0.00241637398884188	0.157770053700835
EC.1.1.1.103	Total_Number_of_Months_Followed_or_to_Progression	Total_Number_of_Months_Followed_or_to_Progression	5.90310603530807e-05	1.8320323101442e-05	30	21	0.00321920705781682	0.159498514218371
EC.1.6.1.1	Total_Number_of_Months_Followed_or_to_Progression	Total_Number_of_Months_Followed_or_to_Progression	2.48948412332837e-05	7.74004241148135e-06	30	6	0.00326683703820759	0.159498514218371
EC.1.5.1.33	Total_Number_of_Months_Followed_or_to_Progression	Total_Number_of_Months_Followed_or_to_Progression	3.27329682565916e-05	1.02608242205632e-05	30	9	0.00349154131321833	0.165598816569784
EC.1.1.1.94	Total_Number_of_Months_Followed_or_to_Progression	Total_Number_of_Months_Followed_or_to_Progression	-2.24737404965992e-05	7.09583741838175e-06	30	30	0.00369954962783286	0.167214932624879
EC.1.12.7.2	Total_Number_of_Months_Followed_or_to_Progression	Total_Number_of_Months_Followed_or_to_Progression	5.56896454220828e-05	1.75997351659899e-05	30	16	0.00372707982356657	0.167214932624879
EC.1.1.1.14	Total_Number_of_Months_Followed_or_to_Progression	Total_Number_of_Months_Followed_or_to_Progression	6.52300210002985e-05	2.17077703754386e-05	30	25	0.00554947701375007	0.167861138639186
EC.1.1.1.308	Total_Number_of_Months_Followed_or_to_Progression	Total_Number_of_Months_Followed_or_to_Progression	3.75769261014824e-05	1.2731198276886e-05	30	9	0.00633026514692019	0.167861138639186
EC.1.2.1.11	Total_Number_of_Months_Followed_or_to_Progression	Total_Number_of_Months_Followed_or_to_Progression	-2.24164053927288e-05	7.40837979952901e-06	30	30	0.00526929451391383	0.167861138639186
EC.1.2.5.1	Total_Number_of_Months_Followed_or_to_Progression	Total_Number_of_Months_Followed_or_to_Progression	7.23990260230058e-05	2.32005750314177e-05	30	29	0.00415967462566505	0.167861138639186
EC.1.2.7.5	Total_Number_of_Months_Followed_or_to_Progression	Total_Number_of_Months_Followed_or_to_Progression	4.8394320083514e-05	1.59745999124981e-05	30	13	0.00522194035965362	0.167861138639186
EC.1.5.1.28	Total_Number_of_Months_Followed_or_to_Progression	Total_Number_of_Months_Followed_or_to_Progression	3.76562286976446e-05	1.2623926931347e-05	30	16	0.00585951665278631	0.167861138639186
EC.2.1.1.193	Total_Number_of_Months_Followed_or_to_Progression	Total_Number_of_Months_Followed_or_to_Progression	-2.2982794375526e-05	7.39358532503423e-06	30	30	0.00428773070574507	0.167861138639186
EC.2.3.1.20	Total_Number_of_Months_Followed_or_to_Progression	Total_Number_of_Months_Followed_or_to_Progression	2.64454544017347e-05	8.70602317395674e-06	30	7	0.00511728450043957	0.167861138639186
EC.2.3.1.8	Total_Number_of_Months_Followed_or_to_Progression	Total_Number_of_Months_Followed_or_to_Progression	-5.56351454232125e-05	1.78049868672123e-05	30	30	0.00411684309823833	0.167861138639186
EC.2.5.1.31	Total_Number_of_Months_Followed_or_to_Progression	Total_Number_of_Months_Followed_or_to_Progression	-2.15072134198955e-05	6.92781792738031e-06	30	30	0.00433097745621351	0.167861138639186
EC.2.5.1.6	Total_Number_of_Months_Followed_or_to_Progression	Total_Number_of_Months_Followed_or_to_Progression	-2.15158908705439e-05	6.98407239444761e-06	30	30	0.00459619423465536	0.167861138639186
EC.2.7.4.22	Total_Number_of_Months_Followed_or_to_Progression	Total_Number_of_Months_Followed_or_to_Progression	-2.1350283328748e-05	7.18867593565468e-06	30	30	0.00604952213251998	0.167861138639186
EC.3.2.1.45	Total_Number_of_Months_Followed_or_to_Progression	Total_Number_of_Months_Followed_or_to_Progression	7.45687454902866e-05	2.44485079574845e-05	30	23	0.00496153085656197	0.167861138639186
EC.3.2.2.1	Total_Number_of_Months_Followed_or_to_Progression	Total_Number_of_Months_Followed_or_to_Progression	6.60125339821366e-05	2.23848936542524e-05	30	29	0.00637063357486069	0.167861138639186
EC.3.4.23.36	Total_Number_of_Months_Followed_or_to_Progression	Total_Number_of_Months_Followed_or_to_Progression	-2.11898026645525e-05	6.83889714318285e-06	30	30	0.00439705255095452	0.167861138639186
EC.3.5.3.11	Total_Number_of_Months_Followed_or_to_Progression	Total_Number_of_Months_Followed_or_to_Progression	8.59070210573322e-05	2.90752854387391e-05	30	30	0.00628251922388226	0.167861138639186
EC.3.5.4.2	Total_Number_of_Months_Followed_or_to_Progression	Total_Number_of_Months_Followed_or_to_Progression	6.48265000794646e-05	2.12751064476322e-05	30	30	0.00499838289526842	0.167861138639186
EC.3.5.99.7	Total_Number_of_Months_Followed_or_to_Progression	Total_Number_of_Months_Followed_or_to_Progression	7.65029795001043e-05	2.57875166786094e-05	30	30	0.00609923488364812	0.167861138639186
EC.3.6.3.44	Total_Number_of_Months_Followed_or_to_Progression	Total_Number_of_Months_Followed_or_to_Progression	5.1485433110167e-05	1.74355822863328e-05	30	11	0.00630956308822536	0.167861138639186
EC.4.2.1.18	Total_Number_of_Months_Followed_or_to_Progression	Total_Number_of_Months_Followed_or_to_Progression	8.97446788026646e-05	3.00110884749367e-05	30	29	0.00575255669623618	0.167861138639186
EC.4.2.2.23	Total_Number_of_Months_Followed_or_to_Progression	Total_Number_of_Months_Followed_or_to_Progression	9.76124925172128e-06	3.28612924009631e-06	30	4	0.00604279255076747	0.167861138639186
EC.4.3.2.2	Total_Number_of_Months_Followed_or_to_Progression	Total_Number_of_Months_Followed_or_to_Progression	-2.19375774663295e-05	7.40033232653293e-06	30	30	0.00613332820118183	0.167861138639186
EC.5.1.3.22	Total_Number_of_Months_Followed_or_to_Progression	Total_Number_of_Months_Followed_or_to_Progression	2.80373950916134e-05	9.19401458572418e-06	30	20	0.00496777853705076	0.167861138639186
EC.5.4.99.18	Total_Number_of_Months_Followed_or_to_Progression	Total_Number_of_Months_Followed_or_to_Progression	-2.1137612376807e-05	7.07130021889468e-06	30	30	0.0057692456356947	0.167861138639186
EC.6.2.1.30	Total_Number_of_Months_Followed_or_to_Progression	Total_Number_of_Months_Followed_or_to_Progression	0.000104279169282459	3.36839876858625e-05	30	29	0.00442592780301582	0.167861138639186
EC.6.3.2.43	Total_Number_of_Months_Followed_or_to_Progression	Total_Number_of_Months_Followed_or_to_Progression	2.75966315140515e-05	9.27728944270632e-06	30	10	0.00598048193102672	0.167861138639186
EC.1.14.13.165	Total_Number_of_Months_Followed_or_to_Progression	Total_Number_of_Months_Followed_or_to_Progression	4.2244056742149e-05	1.46328105986593e-05	30	5	0.0074155924922778	0.16962661628625
EC.1.2.1.72	Total_Number_of_Months_Followed_or_to_Progression	Total_Number_of_Months_Followed_or_to_Progression	1.67877636412333e-05	5.75940232037545e-06	30	5	0.00692694526897026	0.16962661628625
EC.1.3.1.98	Total_Number_of_Months_Followed_or_to_Progression	Total_Number_of_Months_Followed_or_to_Progression	-2.15607960972709e-05	7.47465622758491e-06	30	30	0.00745948372825075	0.16962661628625
EC.2.1.3.11	Total_Number_of_Months_Followed_or_to_Progression	Total_Number_of_Months_Followed_or_to_Progression	6.05447705954703e-05	2.06379404655657e-05	30	14	0.00661477580029755	0.16962661628625
EC.2.4.2.14	Total_Number_of_Months_Followed_or_to_Progression	Total_Number_of_Months_Followed_or_to_Progression	-2.48699878418911e-05	8.58551515666198e-06	30	30	0.0072404271667076	0.16962661628625
EC.2.7.4.26	Total_Number_of_Months_Followed_or_to_Progression	Total_Number_of_Months_Followed_or_to_Progression	2.06045180806628e-05	7.0721340949042e-06	30	8	0.006950125970991	0.16962661628625
EC.3.4.11.19	Total_Number_of_Months_Followed_or_to_Progression	Total_Number_of_Months_Followed_or_to_Progression	6.75665017498976e-05	2.33867013150818e-05	30	19	0.00737665909129022	0.16962661628625
EC.5.3.1.1	Total_Number_of_Months_Followed_or_to_Progression	Total_Number_of_Months_Followed_or_to_Progression	-2.17581428181438e-05	7.50929990680304e-06	30	30	0.00722709436081836	0.16962661628625
EC.6.1.1.1	Total_Number_of_Months_Followed_or_to_Progression	Total_Number_of_Months_Followed_or_to_Progression	-2.11009079904506e-05	7.29978372342199e-06	30	30	0.00734932851473458	0.16962661628625
EC.6.6.1.2	Total_Number_of_Months_Followed_or_to_Progression	Total_Number_of_Months_Followed_or_to_Progression	9.1082801183279e-05	3.13645650716655e-05	30	30	0.00711306402519572	0.16962661628625
EC.1.1.1.310	Total_Number_of_Months_Followed_or_to_Progression	Total_Number_of_Months_Followed_or_to_Progression	1.79401815853519e-05	6.48995516031939e-06	30	5	0.00997517221257417	0.169792978804917
EC.1.1.1.338	Total_Number_of_Months_Followed_or_to_Progression	Total_Number_of_Months_Followed_or_to_Progression	1.79179347592416e-05	6.4305136306569e-06	30	5	0.00945993645990063	0.169792978804917
EC.1.1.1.53	Total_Number_of_Months_Followed_or_to_Progression	Total_Number_of_Months_Followed_or_to_Progression	5.29678331836549e-05	1.93165056273126e-05	30	7	0.0105192909343228	0.169792978804917
EC.1.13.11.6	Total_Number_of_Months_Followed_or_to_Progression	Total_Number_of_Months_Followed_or_to_Progression	2.10756839048897e-05	7.74425099979989e-06	30	7	0.0110500865803966	0.169792978804917
EC.1.14.13.129	Total_Number_of_Months_Followed_or_to_Progression	Total_Number_of_Months_Followed_or_to_Progression	5.95204002174511e-05	2.16373346860948e-05	30	13	0.0103023735517803	0.169792978804917
EC.1.14.13.83	Total_Number_of_Months_Followed_or_to_Progression	Total_Number_of_Months_Followed_or_to_Progression	4.67993129752172e-05	1.65076547436949e-05	30	20	0.00841294132322599	0.169792978804917
EC.1.14.15.3	Total_Number_of_Months_Followed_or_to_Progression	Total_Number_of_Months_Followed_or_to_Progression	4.49027413298846e-05	1.60430376413471e-05	30	17	0.00917959672015738	0.169792978804917
EC.1.14.99.48	Total_Number_of_Months_Followed_or_to_Progression	Total_Number_of_Months_Followed_or_to_Progression	5.54140134351094e-05	1.93229068492417e-05	30	4	0.00776963921929898	0.169792978804917
EC.1.18.6.1	Total_Number_of_Months_Followed_or_to_Progression	Total_Number_of_Months_Followed_or_to_Progression	7.74650788615981e-05	2.77691632451832e-05	30	23	0.00938706461438832	0.169792978804917
EC.2.1.1.170	Total_Number_of_Months_Followed_or_to_Progression	Total_Number_of_Months_Followed_or_to_Progression	-2.07029295305363e-05	7.305649208485e-06	30	30	0.00843704953782444	0.169792978804917
EC.2.1.1.182	Total_Number_of_Months_Followed_or_to_Progression	Total_Number_of_Months_Followed_or_to_Progression	-2.11684118657992e-05	7.78851885535304e-06	30	30	0.0111441968294346	0.169792978804917
EC.2.1.1.199	Total_Number_of_Months_Followed_or_to_Progression	Total_Number_of_Months_Followed_or_to_Progression	-2.08607242206653e-05	7.63249281884202e-06	30	30	0.010746586530081	0.169792978804917
EC.2.1.3.1	Total_Number_of_Months_Followed_or_to_Progression	Total_Number_of_Months_Followed_or_to_Progression	8.66398190791474e-05	3.07299176799809e-05	30	21	0.00873662091621688	0.169792978804917
EC.2.1.3.6	Total_Number_of_Months_Followed_or_to_Progression	Total_Number_of_Months_Followed_or_to_Progression	1.79277081302905e-05	6.27358669168828e-06	30	8	0.00796348653801522	0.169792978804917
EC.2.4.1.46	Total_Number_of_Months_Followed_or_to_Progression	Total_Number_of_Months_Followed_or_to_Progression	1.5476851653817e-05	5.42948597566038e-06	30	5	0.00810252001779567	0.169792978804917
EC.2.5.1.21	Total_Number_of_Months_Followed_or_to_Progression	Total_Number_of_Months_Followed_or_to_Progression	4.5766551141615e-05	1.6812809798583e-05	30	13	0.011032679864656	0.169792978804917
EC.2.6.1.13	Total_Number_of_Months_Followed_or_to_Progression	Total_Number_of_Months_Followed_or_to_Progression	7.85009627518463e-05	2.82979229411177e-05	30	28	0.00974369881104075	0.169792978804917
EC.2.7.1.16	Total_Number_of_Months_Followed_or_to_Progression	Total_Number_of_Months_Followed_or_to_Progression	4.45858918416533e-05	1.62953906564723e-05	30	18	0.0106710156296811	0.169792978804917
EC.2.7.4.8	Total_Number_of_Months_Followed_or_to_Progression	Total_Number_of_Months_Followed_or_to_Progression	-2.19446125083986e-05	7.82721852171289e-06	30	30	0.00907544502271136	0.169792978804917
EC.2.7.7.8	Total_Number_of_Months_Followed_or_to_Progression	Total_Number_of_Months_Followed_or_to_Progression	-2.06686413052033e-05	7.28492770058811e-06	30	30	0.00836881349441243	0.169792978804917
EC.2.8.4.2	Total_Number_of_Months_Followed_or_to_Progression	Total_Number_of_Months_Followed_or_to_Progression	2.07301495843485e-05	7.54343137831653e-06	30	5	0.0103694382502326	0.169792978804917
EC.3.1.1.61	Total_Number_of_Months_Followed_or_to_Progression	Total_Number_of_Months_Followed_or_to_Progression	0.000106749047460906	3.85680648157421e-05	30	29	0.0098916021324278	0.169792978804917
EC.3.1.26.3	Total_Number_of_Months_Followed_or_to_Progression	Total_Number_of_Months_Followed_or_to_Progression	-1.93806643221261e-05	7.04836296763647e-06	30	30	0.0103307609605575	0.169792978804917
EC.3.1.26.5	Total_Number_of_Months_Followed_or_to_Progression	Total_Number_of_Months_Followed_or_to_Progression	-1.99620865418197e-05	7.2831975804193e-06	30	30	0.0105510275003771	0.169792978804917
EC.3.2.1.4	Total_Number_of_Months_Followed_or_to_Progression	Total_Number_of_Months_Followed_or_to_Progression	7.10062137043889e-05	2.50562116363534e-05	30	29	0.008435989105356	0.169792978804917
EC.3.4.11.10	Total_Number_of_Months_Followed_or_to_Progression	Total_Number_of_Months_Followed_or_to_Progression	5.35063755758705e-05	1.87782690330777e-05	30	12	0.00812498721454529	0.169792978804917
EC.4.1.1.45	Total_Number_of_Months_Followed_or_to_Progression	Total_Number_of_Months_Followed_or_to_Progression	2.34483017603718e-05	8.52665074194235e-06	30	7	0.0103225482706038	0.169792978804917
EC.4.1.3.25	Total_Number_of_Months_Followed_or_to_Progression	Total_Number_of_Months_Followed_or_to_Progression	2.22260429863673e-05	7.93679246577325e-06	30	4	0.00914674443363596	0.169792978804917
EC.5.1.3.30	Total_Number_of_Months_Followed_or_to_Progression	Total_Number_of_Months_Followed_or_to_Progression	1.82989808997115e-05	6.57841871587682e-06	30	5	0.00956795658420848	0.169792978804917
EC.5.1.3.31	Total_Number_of_Months_Followed_or_to_Progression	Total_Number_of_Months_Followed_or_to_Progression	1.94644115438433e-05	6.94407080605738e-06	30	5	0.00908863086105708	0.169792978804917
EC.5.4.99.25	Total_Number_of_Months_Followed_or_to_Progression	Total_Number_of_Months_Followed_or_to_Progression	-1.84227124542143e-05	6.77874735726671e-06	30	30	0.0111490570420096	0.169792978804917
EC.6.1.1.20	Total_Number_of_Months_Followed_or_to_Progression	Total_Number_of_Months_Followed_or_to_Progression	-2.78869730175001e-05	1.01884540798128e-05	30	30	0.0106453040572533	0.169792978804917
EC.6.1.1.9	Total_Number_of_Months_Followed_or_to_Progression	Total_Number_of_Months_Followed_or_to_Progression	-1.92058217878054e-05	6.8249260222164e-06	30	30	0.00884971386743115	0.169792978804917
EC.6.3.3.1	Total_Number_of_Months_Followed_or_to_Progression	Total_Number_of_Months_Followed_or_to_Progression	-2.1827479217105e-05	7.91371105092155e-06	30	30	0.0101223652295985	0.169792978804917
EC.6.3.4.4	Total_Number_of_Months_Followed_or_to_Progression	Total_Number_of_Months_Followed_or_to_Progression	-2.0139382694327e-05	7.05143258292188e-06	30	30	0.00799408531582037	0.169792978804917
EC.6.5.1.1	Total_Number_of_Months_Followed_or_to_Progression	Total_Number_of_Months_Followed_or_to_Progression	8.497955090894e-05	3.02892458722494e-05	30	30	0.00903238295500002	0.169792978804917
EC.2.5.1.1	Total_Number_of_Months_Followed_or_to_Progression	Total_Number_of_Months_Followed_or_to_Progression	-1.61957493403433e-05	5.97240907657704e-06	30	30	0.0113081127774416	0.17018449855479
EC.2.7.7.3	Total_Number_of_Months_Followed_or_to_Progression	Total_Number_of_Months_Followed_or_to_Progression	-2.07747168315816e-05	7.66848531887222e-06	30	30	0.0113798068310733	0.17018449855479
EC.1.1.1.9	Total_Number_of_Months_Followed_or_to_Progression	Total_Number_of_Months_Followed_or_to_Progression	1.72955907817758e-05	6.45057343780259e-06	30	5	0.012156963927397	0.174466829485599
EC.1.10.3.12	Total_Number_of_Months_Followed_or_to_Progression	Total_Number_of_Months_Followed_or_to_Progression	7.62734035361947e-05	2.87477324711793e-05	30	4	0.0129894793739031	0.174466829485599
EC.1.14.14.9	Total_Number_of_Months_Followed_or_to_Progression	Total_Number_of_Months_Followed_or_to_Progression	4.55333201222657e-05	1.71480474699419e-05	30	10	0.0129250798191098	0.174466829485599
EC.1.14.99.46	Total_Number_of_Months_Followed_or_to_Progression	Total_Number_of_Months_Followed_or_to_Progression	3.09258534846769e-05	1.1562242275674e-05	30	7	0.0123459160953637	0.174466829485599
EC.1.4.1.9	Total_Number_of_Months_Followed_or_to_Progression	Total_Number_of_Months_Followed_or_to_Progression	5.38060613692957e-05	2.01061062286733e-05	30	10	0.0123057729180782	0.174466829485599
EC.2.1.1.80	Total_Number_of_Months_Followed_or_to_Progression	Total_Number_of_Months_Followed_or_to_Progression	0.000107535279294989	4.05901987005267e-05	30	29	0.0131095138876432	0.174466829485599
EC.2.1.2.9	Total_Number_of_Months_Followed_or_to_Progression	Total_Number_of_Months_Followed_or_to_Progression	-3.05565985475443e-05	1.14448596367898e-05	30	30	0.0124876680402842	0.174466829485599
EC.2.5.1.26	Total_Number_of_Months_Followed_or_to_Progression	Total_Number_of_Months_Followed_or_to_Progression	4.047374140454e-05	1.52129979801947e-05	30	15	0.0127686412472025	0.174466829485599
EC.2.7.1.113	Total_Number_of_Months_Followed_or_to_Progression	Total_Number_of_Months_Followed_or_to_Progression	3.98478787003976e-05	1.48339566414296e-05	30	4	0.0120135539125596	0.174466829485599
EC.2.7.1.74	Total_Number_of_Months_Followed_or_to_Progression	Total_Number_of_Months_Followed_or_to_Progression	3.82117760504968e-05	1.44283367773775e-05	30	4	0.013137562461265	0.174466829485599
EC.2.7.4.3	Total_Number_of_Months_Followed_or_to_Progression	Total_Number_of_Months_Followed_or_to_Progression	-1.91220374386862e-05	7.18969450427887e-06	30	30	0.0127935344042032	0.174466829485599
EC.3.7.1.3	Total_Number_of_Months_Followed_or_to_Progression	Total_Number_of_Months_Followed_or_to_Progression	5.24545006811715e-05	1.97669084632884e-05	30	19	0.0129755610704244	0.174466829485599
EC.4.1.1.23	Total_Number_of_Months_Followed_or_to_Progression	Total_Number_of_Months_Followed_or_to_Progression	-2.63273770269761e-05	9.93902863675372e-06	30	30	0.0131219721933943	0.174466829485599
EC.6.1.1.11	Total_Number_of_Months_Followed_or_to_Progression	Total_Number_of_Months_Followed_or_to_Progression	-1.92128648352541e-05	7.22981692102128e-06	30	30	0.0128599853815929	0.174466829485599
EC.1.13.11.5	Total_Number_of_Months_Followed_or_to_Progression	Total_Number_of_Months_Followed_or_to_Progression	6.2252207867906e-05	2.39774792294615e-05	30	28	0.0148444318267425	0.174527018122167
EC.1.5.1.5	Total_Number_of_Months_Followed_or_to_Progression	Total_Number_of_Months_Followed_or_to_Progression	-1.85139118569234e-05	7.08688620649121e-06	30	30	0.0142948571570419	0.174527018122167
EC.2.1.1.33	Total_Number_of_Months_Followed_or_to_Progression	Total_Number_of_Months_Followed_or_to_Progression	-2.60883749996902e-05	1.00355999931151e-05	30	30	0.014730332149825	0.174527018122167
EC.2.4.1.15	Total_Number_of_Months_Followed_or_to_Progression	Total_Number_of_Months_Followed_or_to_Progression	8.53934959084204e-05	3.26133766795816e-05	30	25	0.0140974165826252	0.174527018122167
EC.2.4.2.10	Total_Number_of_Months_Followed_or_to_Progression	Total_Number_of_Months_Followed_or_to_Progression	-1.92065975951536e-05	7.35121801327713e-06	30	30	0.0142851186242634	0.174527018122167
EC.2.7.1.181	Total_Number_of_Months_Followed_or_to_Progression	Total_Number_of_Months_Followed_or_to_Progression	2.00962376862635e-05	7.75579199808049e-06	30	4	0.0150239418497497	0.174527018122167
EC.2.7.1.19	Total_Number_of_Months_Followed_or_to_Progression	Total_Number_of_Months_Followed_or_to_Progression	3.02973145281006e-05	1.15815597916099e-05	30	12	0.0141756258373137	0.174527018122167
EC.2.7.1.25	Total_Number_of_Months_Followed_or_to_Progression	Total_Number_of_Months_Followed_or_to_Progression	6.75355373515297e-05	2.58529126625273e-05	30	28	0.0142988527827199	0.174527018122167
EC.2.7.7.2	Total_Number_of_Months_Followed_or_to_Progression	Total_Number_of_Months_Followed_or_to_Progression	-1.66203564398399e-05	6.42249547233128e-06	30	30	0.0151396931383084	0.174527018122167
EC.3.2.1.55	Total_Number_of_Months_Followed_or_to_Progression	Total_Number_of_Months_Followed_or_to_Progression	5.27210278874227e-05	2.02006443883125e-05	30	24	0.0143804008903893	0.174527018122167
EC.3.2.1.64	Total_Number_of_Months_Followed_or_to_Progression	Total_Number_of_Months_Followed_or_to_Progression	3.76244623573618e-05	1.44339654264675e-05	30	25	0.0144886730249628	0.174527018122167
EC.3.4.19.5	Total_Number_of_Months_Followed_or_to_Progression	Total_Number_of_Months_Followed_or_to_Progression	5.79940589608484e-05	2.24006699816886e-05	30	22	0.0151006259103315	0.174527018122167
EC.3.5.1.105	Total_Number_of_Months_Followed_or_to_Progression	Total_Number_of_Months_Followed_or_to_Progression	3.47727409568676e-05	1.33517814302e-05	30	15	0.0145671059132313	0.174527018122167
EC.4.4.1.21	Total_Number_of_Months_Followed_or_to_Progression	Total_Number_of_Months_Followed_or_to_Progression	-5.42565918666705e-05	2.08839492039227e-05	30	30	0.0147847327345084	0.174527018122167
EC.5.3.3.17	Total_Number_of_Months_Followed_or_to_Progression	Total_Number_of_Months_Followed_or_to_Progression	3.47203621901451e-05	1.33637076339863e-05	30	12	0.0147811399915943	0.174527018122167
EC.6.1.1.10	Total_Number_of_Months_Followed_or_to_Progression	Total_Number_of_Months_Followed_or_to_Progression	-1.57887270156909e-05	5.99012398094329e-06	30	30	0.0135324059229017	0.174527018122167
EC.6.1.1.12	Total_Number_of_Months_Followed_or_to_Progression	Total_Number_of_Months_Followed_or_to_Progression	-1.79595743404269e-05	6.84492625610936e-06	30	30	0.0139194291387623	0.174527018122167
EC.6.3.2.9	Total_Number_of_Months_Followed_or_to_Progression	Total_Number_of_Months_Followed_or_to_Progression	-1.72941365782011e-05	6.5571252898752e-06	30	30	0.0134795957441337	0.174527018122167
EC.6.3.5.4	Total_Number_of_Months_Followed_or_to_Progression	Total_Number_of_Months_Followed_or_to_Progression	0.000105393775819704	4.05999041753021e-05	30	30	0.014857129732765	0.174527018122167
EC.1.1.1.264	Total_Number_of_Months_Followed_or_to_Progression	Total_Number_of_Months_Followed_or_to_Progression	3.93011168494809e-05	1.52629694401295e-05	30	18	0.015601404628667	0.176247152202395
EC.2.1.1.294	Total_Number_of_Months_Followed_or_to_Progression	Total_Number_of_Months_Followed_or_to_Progression	1.9975424862825e-05	7.74363697587322e-06	30	4	0.015433173138586	0.176247152202395
EC.3.6.3.32	Total_Number_of_Months_Followed_or_to_Progression	Total_Number_of_Months_Followed_or_to_Progression	6.76176623571773e-05	2.62616670244965e-05	30	29	0.0156074285384048	0.176247152202395
EC.2.7.1.76	Total_Number_of_Months_Followed_or_to_Progression	Total_Number_of_Months_Followed_or_to_Progression	3.70764543539078e-05	1.44566901953215e-05	30	5	0.0159784179402228	0.1789020312637
EC.3.2.1.14	Total_Number_of_Months_Followed_or_to_Progression	Total_Number_of_Months_Followed_or_to_Progression	3.54130085567004e-05	1.3819629948999e-05	30	13	0.0160580738905369	0.1789020312637
EC.1.2.1.19	Total_Number_of_Months_Followed_or_to_Progression	Total_Number_of_Months_Followed_or_to_Progression	1.83655889477829e-05	7.20543017700526e-06	30	6	0.0165747570682688	0.182174757211444
EC.1.3.99.28	Total_Number_of_Months_Followed_or_to_Progression	Total_Number_of_Months_Followed_or_to_Progression	6.591373432685e-05	2.5869803899422e-05	30	24	0.0166113138807614	0.182174757211444
EC.2.7.1.40	Total_Number_of_Months_Followed_or_to_Progression	Total_Number_of_Months_Followed_or_to_Progression	-2.27143208645658e-05	8.92124837754718e-06	30	30	0.0166810621061081	0.182174757211444
EC.3.2.1.21	Total_Number_of_Months_Followed_or_to_Progression	Total_Number_of_Months_Followed_or_to_Progression	0.000122825033847268	4.83308119976242e-05	30	30	0.0168654561318629	0.182984687443741
EC.1.1.1.125	Total_Number_of_Months_Followed_or_to_Progression	Total_Number_of_Months_Followed_or_to_Progression	6.11412485894947e-05	2.4087892402171e-05	30	21	0.0169861204993787	0.183097143045251
EC.1.1.1.100	Total_Number_of_Months_Followed_or_to_Progression	Total_Number_of_Months_Followed_or_to_Progression	7.42254809932348e-05	3.00603782260492e-05	30	30	0.0199055891323023	0.184893654457567
EC.1.13.11.11	Total_Number_of_Months_Followed_or_to_Progression	Total_Number_of_Months_Followed_or_to_Progression	5.06052655118653e-05	2.0516357729213e-05	30	19	0.0200255165697289	0.184893654457567
EC.1.3.99.26	Total_Number_of_Months_Followed_or_to_Progression	Total_Number_of_Months_Followed_or_to_Progression	6.35477412130232e-05	2.56941281020209e-05	30	24	0.0197233755216393	0.184893654457567
EC.1.3.99.29	Total_Number_of_Months_Followed_or_to_Progression	Total_Number_of_Months_Followed_or_to_Progression	6.38489253814105e-05	2.57274721143008e-05	30	24	0.0193437113998127	0.184893654457567
EC.1.8.2.2	Total_Number_of_Months_Followed_or_to_Progression	Total_Number_of_Months_Followed_or_to_Progression	4.11254382553891e-05	1.65288326700171e-05	30	15	0.019064006546485	0.184893654457567
EC.2.3.1.122	Total_Number_of_Months_Followed_or_to_Progression	Total_Number_of_Months_Followed_or_to_Progression	1.76390545113587e-05	7.00517289364246e-06	30	5	0.017798629373505	0.184893654457567
EC.2.4.1.227	Total_Number_of_Months_Followed_or_to_Progression	Total_Number_of_Months_Followed_or_to_Progression	-1.83038857443929e-05	7.41096781153805e-06	30	30	0.0198772378778234	0.184893654457567
EC.2.4.2.37	Total_Number_of_Months_Followed_or_to_Progression	Total_Number_of_Months_Followed_or_to_Progression	3.26666990524783e-05	1.32464387397224e-05	30	9	0.0200487095194953	0.184893654457567
EC.2.7.1.23	Total_Number_of_Months_Followed_or_to_Progression	Total_Number_of_Months_Followed_or_to_Progression	-1.87063753125624e-05	7.40436709361173e-06	30	30	0.0174576289899444	0.184893654457567
EC.2.7.7.7	Total_Number_of_Months_Followed_or_to_Progression	Total_Number_of_Months_Followed_or_to_Progression	-4.48000890633963e-05	1.80349973359734e-05	30	30	0.0192411455946295	0.184893654457567
EC.2.7.8.13	Total_Number_of_Months_Followed_or_to_Progression	Total_Number_of_Months_Followed_or_to_Progression	-1.83179188539566e-05	7.24580597640568e-06	30	30	0.017390331672161	0.184893654457567
EC.2.7.8.41	Total_Number_of_Months_Followed_or_to_Progression	Total_Number_of_Months_Followed_or_to_Progression	8.77411268598206e-05	3.51539482483293e-05	30	28	0.0187258156867393	0.184893654457567
EC.3.1.2.28	Total_Number_of_Months_Followed_or_to_Progression	Total_Number_of_Months_Followed_or_to_Progression	4.60425110504864e-05	1.86455195416609e-05	30	27	0.0198988899237312	0.184893654457567
EC.3.5.1.38	Total_Number_of_Months_Followed_or_to_Progression	Total_Number_of_Months_Followed_or_to_Progression	2.13294840230639e-05	8.63180289448738e-06	30	7	0.0198229724924488	0.184893654457567
EC.3.5.4.32	Total_Number_of_Months_Followed_or_to_Progression	Total_Number_of_Months_Followed_or_to_Progression	1.44273682284336e-05	5.75848706833499e-06	30	6	0.0183218634563284	0.184893654457567
EC.3.6.3.6	Total_Number_of_Months_Followed_or_to_Progression	Total_Number_of_Months_Followed_or_to_Progression	2.27628048373526e-05	9.11282390747178e-06	30	5	0.0186411085806753	0.184893654457567
EC.4.1.3.16	Total_Number_of_Months_Followed_or_to_Progression	Total_Number_of_Months_Followed_or_to_Progression	1.87709777345167e-05	7.57972723566199e-06	30	4	0.01957825419251	0.184893654457567
EC.4.2.1.153	Total_Number_of_Months_Followed_or_to_Progression	Total_Number_of_Months_Followed_or_to_Progression	4.62055307094813e-05	1.87225509981052e-05	30	18	0.0199649867072206	0.184893654457567
EC.5.1.1.3	Total_Number_of_Months_Followed_or_to_Progression	Total_Number_of_Months_Followed_or_to_Progression	-3.07491972453553e-05	1.22847798402973e-05	30	30	0.0184222124130781	0.184893654457567
EC.5.1.3.1	Total_Number_of_Months_Followed_or_to_Progression	Total_Number_of_Months_Followed_or_to_Progression	-1.95419045661673e-05	7.8538620100257e-06	30	30	0.0190601874570393	0.184893654457567
EC.5.1.3.6	Total_Number_of_Months_Followed_or_to_Progression	Total_Number_of_Months_Followed_or_to_Progression	6.24307138904828e-05	2.49181966696912e-05	30	30	0.0183211417796515	0.184893654457567
EC.5.3.1.6	Total_Number_of_Months_Followed_or_to_Progression	Total_Number_of_Months_Followed_or_to_Progression	-2.59655969067637e-05	1.03599899032675e-05	30	30	0.0182829706817702	0.184893654457567
EC.6.1.1.16	Total_Number_of_Months_Followed_or_to_Progression	Total_Number_of_Months_Followed_or_to_Progression	-2.05008353809979e-05	8.1502850159072e-06	30	30	0.0179076526362726	0.184893654457567
EC.6.1.1.2	Total_Number_of_Months_Followed_or_to_Progression	Total_Number_of_Months_Followed_or_to_Progression	-1.69028632326261e-05	6.72732869647331e-06	30	30	0.0180228015017809	0.184893654457567
EC.6.2.1.34	Total_Number_of_Months_Followed_or_to_Progression	Total_Number_of_Months_Followed_or_to_Progression	5.73384658693917e-05	2.31393038386699e-05	30	15	0.0195113573100689	0.184893654457567
EC.6.3.2.10	Total_Number_of_Months_Followed_or_to_Progression	Total_Number_of_Months_Followed_or_to_Progression	-3.10152351245368e-05	1.24376958897618e-05	30	30	0.0188232623206883	0.184893654457567
EC.1.1.1.281	Total_Number_of_Months_Followed_or_to_Progression	Total_Number_of_Months_Followed_or_to_Progression	2.56167542574225e-05	1.0458396589126e-05	30	15	0.0208251124224772	0.185091077414617
EC.1.11.1.21	Total_Number_of_Months_Followed_or_to_Progression	Total_Number_of_Months_Followed_or_to_Progression	6.62382352071151e-05	2.69139675692371e-05	30	28	0.0202769688551477	0.185091077414617
EC.1.14.13.149	Total_Number_of_Months_Followed_or_to_Progression	Total_Number_of_Months_Followed_or_to_Progression	8.31457027834569e-05	3.39716382248368e-05	30	21	0.0209149345529954	0.185091077414617
EC.1.2.7.8	Total_Number_of_Months_Followed_or_to_Progression	Total_Number_of_Months_Followed_or_to_Progression	7.76708455830659e-05	3.18402849040477e-05	30	27	0.0213041111314414	0.185091077414617
EC.1.20.4.3	Total_Number_of_Months_Followed_or_to_Progression	Total_Number_of_Months_Followed_or_to_Progression	3.9169492002139e-05	1.59499409195376e-05	30	17	0.0205248723616163	0.185091077414617
EC.2.7.1.33	Total_Number_of_Months_Followed_or_to_Progression	Total_Number_of_Months_Followed_or_to_Progression	-1.17185384951869e-05	4.80994392099308e-06	30	30	0.0214532807845238	0.185091077414617
EC.2.7.2.3	Total_Number_of_Months_Followed_or_to_Progression	Total_Number_of_Months_Followed_or_to_Progression	-1.8429355731823e-05	7.57575617668699e-06	30	30	0.0216311259147203	0.185091077414617
EC.2.7.4.23	Total_Number_of_Months_Followed_or_to_Progression	Total_Number_of_Months_Followed_or_to_Progression	3.36094738033905e-05	1.37082633997016e-05	30	10	0.0207130551033079	0.185091077414617
EC.3.3.2.8	Total_Number_of_Months_Followed_or_to_Progression	Total_Number_of_Months_Followed_or_to_Progression	2.82035492085379e-05	1.15383998053545e-05	30	4	0.0210668023755792	0.185091077414617
EC.3.5.2.10	Total_Number_of_Months_Followed_or_to_Progression	Total_Number_of_Months_Followed_or_to_Progression	5.34833462121235e-05	2.19657410674759e-05	30	26	0.0215245675617158	0.185091077414617
EC.3.5.4.9	Total_Number_of_Months_Followed_or_to_Progression	Total_Number_of_Months_Followed_or_to_Progression	-1.77155074683359e-05	7.23086285067251e-06	30	30	0.0207972140914888	0.185091077414617
EC.4.1.1.12	Total_Number_of_Months_Followed_or_to_Progression	Total_Number_of_Months_Followed_or_to_Progression	1.31978135878728e-05	5.41898287921365e-06	30	10	0.0214940605077944	0.185091077414617
EC.4.1.2.20	Total_Number_of_Months_Followed_or_to_Progression	Total_Number_of_Months_Followed_or_to_Progression	2.69166885446918e-05	1.10612049759075e-05	30	16	0.0215940517604024	0.185091077414617
EC.5.4.99.22	Total_Number_of_Months_Followed_or_to_Progression	Total_Number_of_Months_Followed_or_to_Progression	-1.759495950181e-05	7.16341590952549e-06	30	30	0.0205039356574844	0.185091077414617
EC.2.5.1.75	Total_Number_of_Months_Followed_or_to_Progression	Total_Number_of_Months_Followed_or_to_Progression	-3.80285218479016e-05	1.56845965985271e-05	30	30	0.0220316783665674	0.186594826982152
EC.5.1.1.8	Total_Number_of_Months_Followed_or_to_Progression	Total_Number_of_Months_Followed_or_to_Progression	3.85546760996946e-05	1.59010969142335e-05	30	14	0.0220278125523385	0.186594826982152
EC.1.2.1.3	Total_Number_of_Months_Followed_or_to_Progression	Total_Number_of_Months_Followed_or_to_Progression	0.000128247882545434	5.31819961896714e-05	30	30	0.022693416002728	0.187839549508217
EC.1.3.99.31	Total_Number_of_Months_Followed_or_to_Progression	Total_Number_of_Months_Followed_or_to_Progression	6.12372465530469e-05	2.54044142275978e-05	30	25	0.0227444273802119	0.187839549508217
EC.2.4.1.11	Total_Number_of_Months_Followed_or_to_Progression	Total_Number_of_Months_Followed_or_to_Progression	5.89683805245584e-05	2.44528846418446e-05	30	23	0.0226924106053138	0.187839549508217
EC.2.5.1.44	Total_Number_of_Months_Followed_or_to_Progression	Total_Number_of_Months_Followed_or_to_Progression	2.63377861385302e-05	1.09127168175429e-05	30	10	0.0225909030973317	0.187839549508217
EC.4.2.1.6	Total_Number_of_Months_Followed_or_to_Progression	Total_Number_of_Months_Followed_or_to_Progression	4.52842673685976e-05	1.8779760344767e-05	30	16	0.0227014619658433	0.187839549508217
EC.2.7.8.28	Total_Number_of_Months_Followed_or_to_Progression	Total_Number_of_Months_Followed_or_to_Progression	2.58124828588085e-05	1.07285199664249e-05	30	6	0.0229780490502342	0.188829511996974
EC.1.4.1.1	Total_Number_of_Months_Followed_or_to_Progression	Total_Number_of_Months_Followed_or_to_Progression	8.47158258231289e-05	3.5285918323611e-05	30	30	0.0232453620989062	0.190085227015686
EC.1.4.3.4	Total_Number_of_Months_Followed_or_to_Progression	Total_Number_of_Months_Followed_or_to_Progression	4.85923933319471e-05	2.03567819286931e-05	30	19	0.0239788777670312	0.195122240653293
EC.2.7.1.8	Total_Number_of_Months_Followed_or_to_Progression	Total_Number_of_Months_Followed_or_to_Progression	3.17774467603026e-05	1.34115973625959e-05	30	14	0.0249469216653813	0.198027845228987
EC.2.7.7.65	Total_Number_of_Months_Followed_or_to_Progression	Total_Number_of_Months_Followed_or_to_Progression	5.67773376729446e-05	2.3904724923091e-05	30	18	0.0246274238518168	0.198027845228987
EC.3.3.1.1	Total_Number_of_Months_Followed_or_to_Progression	Total_Number_of_Months_Followed_or_to_Progression	8.28472850943469e-05	3.48562229908021e-05	30	29	0.0245349126694912	0.198027845228987
EC.3.4.24.15	Total_Number_of_Months_Followed_or_to_Progression	Total_Number_of_Months_Followed_or_to_Progression	1.43745731128608e-05	6.05953989161957e-06	30	4	0.0247897060089116	0.198027845228987
EC.4.2.1.84	Total_Number_of_Months_Followed_or_to_Progression	Total_Number_of_Months_Followed_or_to_Progression	3.47259960746899e-05	1.46676114870453e-05	30	9	0.0250517153602936	0.198027845228987
EC.6.3.3.2	Total_Number_of_Months_Followed_or_to_Progression	Total_Number_of_Months_Followed_or_to_Progression	-2.64700393499906e-05	1.11720078530894e-05	30	30	0.024951537653752	0.198027845228987
EC.2.3.3.14	Total_Number_of_Months_Followed_or_to_Progression	Total_Number_of_Months_Followed_or_to_Progression	2.34633075374852e-05	9.92898012131761e-06	30	14	0.0253005433047374	0.199046928369024
EC.2.1.1.228	Total_Number_of_Months_Followed_or_to_Progression	Total_Number_of_Months_Followed_or_to_Progression	-1.68116924825089e-05	7.14195282862368e-06	30	30	0.0258250163895058	0.202214750974432
EC.1.17.4.1	Total_Number_of_Months_Followed_or_to_Progression	Total_Number_of_Months_Followed_or_to_Progression	-2.81188637731731e-05	1.19761228126595e-05	30	30	0.0261746292207272	0.203036843487884
EC.2.7.4.14	Total_Number_of_Months_Followed_or_to_Progression	Total_Number_of_Months_Followed_or_to_Progression	-2.43138625800214e-05	1.03511637588401e-05	30	30	0.0261168301451763	0.203036843487884
EC.1.3.1.74	Total_Number_of_Months_Followed_or_to_Progression	Total_Number_of_Months_Followed_or_to_Progression	2.24994631193014e-05	9.61969335515323e-06	30	10	0.0267058017163336	0.205653869268071
EC.2.4.2.29	Total_Number_of_Months_Followed_or_to_Progression	Total_Number_of_Months_Followed_or_to_Progression	-2.3455565088297e-05	1.00413891438268e-05	30	30	0.0268851971906102	0.205653869268071
EC.2.6.1.44	Total_Number_of_Months_Followed_or_to_Progression	Total_Number_of_Months_Followed_or_to_Progression	3.1259241760471e-05	1.33938662514826e-05	30	11	0.0270075563255659	0.205653869268071
EC.4.4.1.15	Total_Number_of_Months_Followed_or_to_Progression	Total_Number_of_Months_Followed_or_to_Progression	1.3978684653963e-05	5.98781072113813e-06	30	9	0.0269669764352827	0.205653869268071
EC.2.4.1.252	Total_Number_of_Months_Followed_or_to_Progression	Total_Number_of_Months_Followed_or_to_Progression	1.08787954844609e-05	4.66996388817065e-06	30	4	0.0272684058221642	0.206692025866633
EC.3.5.1.56	Total_Number_of_Months_Followed_or_to_Progression	Total_Number_of_Months_Followed_or_to_Progression	1.82522039993835e-05	7.84495685899911e-06	30	4	0.0274451798266184	0.207086356873575
EC.1.1.1.35	Total_Number_of_Months_Followed_or_to_Progression	Total_Number_of_Months_Followed_or_to_Progression	9.26416474611789e-05	3.98807429673903e-05	30	28	0.0276684666483141	0.207401463388472
EC.1.3.1.34	Total_Number_of_Months_Followed_or_to_Progression	Total_Number_of_Months_Followed_or_to_Progression	4.64783146540223e-05	2.00263710109415e-05	30	15	0.0277984063817378	0.207401463388472
EC.4.3.1.18	Total_Number_of_Months_Followed_or_to_Progression	Total_Number_of_Months_Followed_or_to_Progression	4.97363238102978e-05	2.14396476495273e-05	30	20	0.0278617628527887	0.207401463388472
EC.2.3.1.54	Total_Number_of_Months_Followed_or_to_Progression	Total_Number_of_Months_Followed_or_to_Progression	-8.17718907441142e-05	3.52878983224869e-05	30	30	0.0280198103530919	0.207646808866663
EC.3.1.27.3	Total_Number_of_Months_Followed_or_to_Progression	Total_Number_of_Months_Followed_or_to_Progression	3.89997520899943e-05	1.68504320212263e-05	30	17	0.0281950226959837	0.207668288623945
EC.3.3.2.12	Total_Number_of_Months_Followed_or_to_Progression	Total_Number_of_Months_Followed_or_to_Progression	5.13108446814097e-05	2.21815594516456e-05	30	17	0.028272911583742	0.207668288623945
EC.1.13.11.79	Total_Number_of_Months_Followed_or_to_Progression	Total_Number_of_Months_Followed_or_to_Progression	4.15572503276535e-05	1.80339161801762e-05	30	17	0.0288306534499385	0.208123081333025
EC.1.3.3.5	Total_Number_of_Months_Followed_or_to_Progression	Total_Number_of_Months_Followed_or_to_Progression	2.62435793828885e-05	1.13946179856352e-05	30	14	0.0289097001965373	0.208123081333025
EC.2.1.1.297	Total_Number_of_Months_Followed_or_to_Progression	Total_Number_of_Months_Followed_or_to_Progression	-1.44558841135686e-05	6.26657710397162e-06	30	30	0.0286761901862053	0.208123081333025
EC.2.3.1.118	Total_Number_of_Months_Followed_or_to_Progression	Total_Number_of_Months_Followed_or_to_Progression	3.67789105222227e-05	1.59745601534344e-05	30	16	0.0289617058963427	0.208123081333025
EC.4.7.1.1	Total_Number_of_Months_Followed_or_to_Progression	Total_Number_of_Months_Followed_or_to_Progression	2.97943477851027e-05	1.29116334006919e-05	30	10	0.0286295717833846	0.208123081333025
EC.1.2.1.91	Total_Number_of_Months_Followed_or_to_Progression	Total_Number_of_Months_Followed_or_to_Progression	5.27711943528286e-05	2.30189986164967e-05	30	17	0.0295976117432529	0.209864799421226
EC.2.1.1.79	Total_Number_of_Months_Followed_or_to_Progression	Total_Number_of_Months_Followed_or_to_Progression	7.78159586055241e-05	3.39627064015363e-05	30	30	0.0296818243899806	0.209864799421226
EC.2.4.2.53	Total_Number_of_Months_Followed_or_to_Progression	Total_Number_of_Months_Followed_or_to_Progression	3.27652947121384e-05	1.42782252707902e-05	30	15	0.0294499089401562	0.209864799421226
EC.3.11.1.2	Total_Number_of_Months_Followed_or_to_Progression	Total_Number_of_Months_Followed_or_to_Progression	3.6230070558124e-05	1.58155287480387e-05	30	14	0.0297097758216795	0.209864799421226
EC.3.2.1.28	Total_Number_of_Months_Followed_or_to_Progression	Total_Number_of_Months_Followed_or_to_Progression	3.51433799080411e-05	1.53598782088123e-05	30	15	0.0298932150386143	0.210265834593643
EC.1.2.1.28	Total_Number_of_Months_Followed_or_to_Progression	Total_Number_of_Months_Followed_or_to_Progression	3.10188663033995e-05	1.36279413603212e-05	30	14	0.0306848944945945	0.214923733590831
EC.5.3.3.1	Total_Number_of_Months_Followed_or_to_Progression	Total_Number_of_Months_Followed_or_to_Progression	2.60012798827606e-05	1.14429147802654e-05	30	5	0.0309464365381478	0.215844893501367
EC.1.7.3.3	Total_Number_of_Months_Followed_or_to_Progression	Total_Number_of_Months_Followed_or_to_Progression	2.12078769417953e-05	9.3585868667035e-06	30	6	0.0313649241957772	0.217701428696522
EC.2.7.8.37	Total_Number_of_Months_Followed_or_to_Progression	Total_Number_of_Months_Followed_or_to_Progression	5.79479623568289e-05	2.55892294836329e-05	30	10	0.031474905353714	0.217701428696522
EC.1.14.13.1	Total_Number_of_Months_Followed_or_to_Progression	Total_Number_of_Months_Followed_or_to_Progression	3.51847608462974e-05	1.55535423020987e-05	30	11	0.0316392047612167	0.217707167851299
EC.6.1.1.4	Total_Number_of_Months_Followed_or_to_Progression	Total_Number_of_Months_Followed_or_to_Progression	-2.32522709421745e-05	1.02852150935349e-05	30	30	0.031738032903623	0.217707167851299
EC.2.7.1.45	Total_Number_of_Months_Followed_or_to_Progression	Total_Number_of_Months_Followed_or_to_Progression	5.37835519603399e-05	2.3850172282e-05	30	30	0.0321358282316255	0.219528703146084
EC.4.1.3.39	Total_Number_of_Months_Followed_or_to_Progression	Total_Number_of_Months_Followed_or_to_Progression	3.60185763623433e-05	1.59868768123187e-05	30	20	0.0322803224651274	0.219612029885702
EC.3.4.24.71	Total_Number_of_Months_Followed_or_to_Progression	Total_Number_of_Months_Followed_or_to_Progression	1.16005219698789e-05	5.16235947862636e-06	30	4	0.032697488959204	0.221542170090933
EC.3.5.1.44	Total_Number_of_Months_Followed_or_to_Progression	Total_Number_of_Months_Followed_or_to_Progression	6.54300889771621e-05	2.91566115735782e-05	30	27	0.0329156534726191	0.222113759205479
EC.2.4.2.46	Total_Number_of_Months_Followed_or_to_Progression	Total_Number_of_Months_Followed_or_to_Progression	3.07808216587406e-05	1.37391924334451e-05	30	16	0.0331843407423968	0.223020265718132
EC.1.1.1.292	Total_Number_of_Months_Followed_or_to_Progression	Total_Number_of_Months_Followed_or_to_Progression	1.08651648297958e-05	4.86297244511302e-06	30	4	0.0336287825432049	0.223957663592363
EC.2.6.1.51	Total_Number_of_Months_Followed_or_to_Progression	Total_Number_of_Months_Followed_or_to_Progression	3.06392776219486e-05	1.37147390146815e-05	30	11	0.0336451966136509	0.223957663592363
EC.4.2.1.103	Total_Number_of_Months_Followed_or_to_Progression	Total_Number_of_Months_Followed_or_to_Progression	3.28424860586057e-05	1.47084173008589e-05	30	12	0.0337285637940306	0.223957663592363
EC.3.6.3.20	Total_Number_of_Months_Followed_or_to_Progression	Total_Number_of_Months_Followed_or_to_Progression	4.80519126314984e-05	2.16188860954669e-05	30	15	0.0344871351971077	0.228082248713939
EC.6.3.2.8	Total_Number_of_Months_Followed_or_to_Progression	Total_Number_of_Months_Followed_or_to_Progression	-1.41335195590829e-05	6.36411347011443e-06	30	30	0.0346273345917938	0.228100696120547
EC.2.6.1.96	Total_Number_of_Months_Followed_or_to_Progression	Total_Number_of_Months_Followed_or_to_Progression	1.51014302835853e-05	6.80630573942175e-06	30	7	0.0347836805817349	0.228224939785296
EC.5.4.99.12	Total_Number_of_Months_Followed_or_to_Progression	Total_Number_of_Months_Followed_or_to_Progression	-1.61065774701506e-05	7.26642918610507e-06	30	30	0.0349477255537029	0.228398521335224
EC.1.1.1.122	Total_Number_of_Months_Followed_or_to_Progression	Total_Number_of_Months_Followed_or_to_Progression	3.97534270894301e-05	1.81879609402052e-05	30	17	0.0373614916288729	0.229703985570107
EC.1.1.1.31	Total_Number_of_Months_Followed_or_to_Progression	Total_Number_of_Months_Followed_or_to_Progression	8.13351032314822e-05	3.69091122659729e-05	30	30	0.0359398265229122	0.229703985570107
EC.1.1.99.21	Total_Number_of_Months_Followed_or_to_Progression	Total_Number_of_Months_Followed_or_to_Progression	2.61479095629796e-05	1.19335559436909e-05	30	13	0.0369268375521834	0.229703985570107
EC.1.14.11.16	Total_Number_of_Months_Followed_or_to_Progression	Total_Number_of_Months_Followed_or_to_Progression	2.49103101833241e-05	1.1336969362927e-05	30	14	0.0364404371533123	0.229703985570107
EC.2.3.1.16	Total_Number_of_Months_Followed_or_to_Progression	Total_Number_of_Months_Followed_or_to_Progression	7.82541087945196e-05	3.54997030569677e-05	30	29	0.0358853819992185	0.229703985570107
EC.2.4.2.45	Total_Number_of_Months_Followed_or_to_Progression	Total_Number_of_Months_Followed_or_to_Progression	3.25038088461008e-05	1.4711383250577e-05	30	16	0.0354932328775246	0.229703985570107
EC.2.6.1.45	Total_Number_of_Months_Followed_or_to_Progression	Total_Number_of_Months_Followed_or_to_Progression	2.90028739914107e-05	1.32619211374844e-05	30	11	0.0372626573557728	0.229703985570107
EC.2.7.1.6	Total_Number_of_Months_Followed_or_to_Progression	Total_Number_of_Months_Followed_or_to_Progression	-5.33464443331907e-05	2.43741553511195e-05	30	30	0.0371247268214498	0.229703985570107
EC.2.7.7.60	Total_Number_of_Months_Followed_or_to_Progression	Total_Number_of_Months_Followed_or_to_Progression	-3.73637430059284e-05	1.69420525772228e-05	30	30	0.0358058252312912	0.229703985570107
EC.3.2.2.24	Total_Number_of_Months_Followed_or_to_Progression	Total_Number_of_Months_Followed_or_to_Progression	3.26253068481317e-05	1.47524335471079e-05	30	21	0.0353329658152614	0.229703985570107
EC.3.5.1.32	Total_Number_of_Months_Followed_or_to_Progression	Total_Number_of_Months_Followed_or_to_Progression	0.000102206344696467	4.6416734089374e-05	30	25	0.036074654688145	0.229703985570107
EC.3.5.2.12	Total_Number_of_Months_Followed_or_to_Progression	Total_Number_of_Months_Followed_or_to_Progression	2.56319233649545e-05	1.16726256329479e-05	30	6	0.0365479476948595	0.229703985570107
EC.3.5.2.9	Total_Number_of_Months_Followed_or_to_Progression	Total_Number_of_Months_Followed_or_to_Progression	4.09199048702672e-05	1.85967622816683e-05	30	15	0.0361958886563468	0.229703985570107
EC.3.6.1.13	Total_Number_of_Months_Followed_or_to_Progression	Total_Number_of_Months_Followed_or_to_Progression	-3.78528423778921e-05	1.7298957387905e-05	30	30	0.0371640266769713	0.229703985570107
EC.4.1.1.64	Total_Number_of_Months_Followed_or_to_Progression	Total_Number_of_Months_Followed_or_to_Progression	2.65866468107324e-05	1.21048324880454e-05	30	13	0.0365111680098426	0.229703985570107
EC.4.1.3.4	Total_Number_of_Months_Followed_or_to_Progression	Total_Number_of_Months_Followed_or_to_Progression	7.89370666254475e-05	3.60633471024712e-05	30	30	0.0371089687581494	0.229703985570107
EC.3.1.1.29	Total_Number_of_Months_Followed_or_to_Progression	Total_Number_of_Months_Followed_or_to_Progression	-1.52176731285377e-05	6.9814010902579e-06	30	30	0.0378439320402177	0.231811539434544
EC.2.1.1.207	Total_Number_of_Months_Followed_or_to_Progression	Total_Number_of_Months_Followed_or_to_Progression	-3.54180499068403e-05	1.63162665991614e-05	30	30	0.0385856808254301	0.233767263394942
EC.6.2.1.17	Total_Number_of_Months_Followed_or_to_Progression	Total_Number_of_Months_Followed_or_to_Progression	3.70854836513431e-05	1.70698273366857e-05	30	15	0.0384321621587757	0.233767263394942
EC.6.3.2.6	Total_Number_of_Months_Followed_or_to_Progression	Total_Number_of_Months_Followed_or_to_Progression	-1.15085734238457e-05	5.30052977399958e-06	30	30	0.0385449347072005	0.233767263394942
EC.1.1.1.42	Total_Number_of_Months_Followed_or_to_Progression	Total_Number_of_Months_Followed_or_to_Progression	7.47882286746787e-05	3.44867960363115e-05	30	30	0.0387614306398431	0.23397809040778
EC.1.1.1.69	Total_Number_of_Months_Followed_or_to_Progression	Total_Number_of_Months_Followed_or_to_Progression	3.81022587546024e-05	1.76114869362532e-05	30	30	0.0391893928039457	0.23502603000929
EC.2.7.1.58	Total_Number_of_Months_Followed_or_to_Progression	Total_Number_of_Months_Followed_or_to_Progression	4.12942200706565e-05	1.91033099533739e-05	30	19	0.0393462571304817	0.23502603000929
EC.3.1.2.20	Total_Number_of_Months_Followed_or_to_Progression	Total_Number_of_Months_Followed_or_to_Progression	-4.55243611296714e-05	2.10617966236141e-05	30	27	0.0393597809292666	0.23502603000929
EC.1.1.1.328	Total_Number_of_Months_Followed_or_to_Progression	Total_Number_of_Months_Followed_or_to_Progression	1.92800766055869e-05	8.9346271525897e-06	30	4	0.0396613571586838	0.235977967324069
EC.1.1.5.2	Total_Number_of_Months_Followed_or_to_Progression	Total_Number_of_Months_Followed_or_to_Progression	3.08827971563753e-05	1.43747395810046e-05	30	13	0.0404757829309706	0.237857120343531
EC.3.6.1.63	Total_Number_of_Months_Followed_or_to_Progression	Total_Number_of_Months_Followed_or_to_Progression	3.75683213052037e-05	1.75069916123739e-05	30	14	0.0406929372296945	0.237857120343531
EC.4.1.1.9	Total_Number_of_Months_Followed_or_to_Progression	Total_Number_of_Months_Followed_or_to_Progression	3.37582699143366e-05	1.57315502848582e-05	30	10	0.040693627817809	0.237857120343531
EC.4.2.1.108	Total_Number_of_Months_Followed_or_to_Progression	Total_Number_of_Months_Followed_or_to_Progression	2.79352779325493e-05	1.29960827368391e-05	30	13	0.040380022204702	0.237857120343531
EC.4.2.1.68	Total_Number_of_Months_Followed_or_to_Progression	Total_Number_of_Months_Followed_or_to_Progression	2.7508125966502e-05	1.28048625167365e-05	30	14	0.0404888654950312	0.237857120343531
EC.1.1.1.219	Total_Number_of_Months_Followed_or_to_Progression	Total_Number_of_Months_Followed_or_to_Progression	5.34442840666564e-05	2.49351265442594e-05	30	26	0.0409170002185767	0.238323580220482
EC.1.1.1.108	Total_Number_of_Months_Followed_or_to_Progression	Total_Number_of_Months_Followed_or_to_Progression	2.75277668028211e-05	1.28875546312225e-05	30	14	0.0415625700423007	0.240104216776925
EC.1.3.1.43	Total_Number_of_Months_Followed_or_to_Progression	Total_Number_of_Months_Followed_or_to_Progression	3.82161338075688e-05	1.78959899238931e-05	30	12	0.0416102797876014	0.240104216776925
EC.6.3.4.3	Total_Number_of_Months_Followed_or_to_Progression	Total_Number_of_Months_Followed_or_to_Progression	-3.42661011490792e-05	1.60501805322706e-05	30	30	0.041656635199852	0.240104216776925
EC.2.7.6.3	Total_Number_of_Months_Followed_or_to_Progression	Total_Number_of_Months_Followed_or_to_Progression	-3.56648675422134e-05	1.67302479286303e-05	30	30	0.0419394528997759	0.240897895548886
EC.1.1.1.333	Total_Number_of_Months_Followed_or_to_Progression	Total_Number_of_Months_Followed_or_to_Progression	3.18233740940595e-05	1.4968405609201e-05	30	17	0.0424534479285103	0.241901528298497
EC.1.1.1.48	Total_Number_of_Months_Followed_or_to_Progression	Total_Number_of_Months_Followed_or_to_Progression	3.21492777443141e-05	1.51286184453273e-05	30	10	0.0425413537054213	0.241901528298497
EC.2.3.1.168	Total_Number_of_Months_Followed_or_to_Progression	Total_Number_of_Months_Followed_or_to_Progression	4.71605067265355e-05	2.21936687908081e-05	30	16	0.0425513531705789	0.241901528298497
EC.3.4.25.2	Total_Number_of_Months_Followed_or_to_Progression	Total_Number_of_Months_Followed_or_to_Progression	4.46611222521192e-05	2.10367922026758e-05	30	30	0.0427283514332734	0.242078714604894
EC.1.21.4.1	Total_Number_of_Months_Followed_or_to_Progression	Total_Number_of_Months_Followed_or_to_Progression	-9.89838734110842e-05	4.67236405438205e-05	30	28	0.0431391367097503	0.243574717476821
EC.1.13.12.4	Total_Number_of_Months_Followed_or_to_Progression	Total_Number_of_Months_Followed_or_to_Progression	1.27352973075043e-05	6.03911921048325e-06	30	6	0.0440354266594589	0.247488332894764
EC.1.17.2.1	Total_Number_of_Months_Followed_or_to_Progression	Total_Number_of_Months_Followed_or_to_Progression	2.25310491548108e-05	1.06894548648811e-05	30	5	0.044130449720994	0.247488332894764
